Afghanistan,93,AFG,AF
Albania,355,ALB,AL
Algeria,213,DZA,DZ
American Samoa,1684,ASM,AS
Andorra,376,AND,AD
Angola,244,AGO,AO
Anguilla,1264,AIA,AI
Argentina,54,ARG,AR
Armenia,374,ARM,AM
Aruba,297,ABW,AW
Australia,61,AUS,AU
Austria,43,AUT,AT
Azerbaijan,994,AZE,AZ
Bahamas,1242,BHS,BS
Bahrain,973,BHR,BH
Bangladesh,880,BGD,BD
Barbados,1246,BRB,BB
Belarus,375,BLR,BY
Belgium,32,BEL,BE
Belize,501,BLZ,BZ
Benin,229,BEN,BJ
Bhutan,975,BTN,BT
Bolivia,591,BOL,BO
Bosnia and Herzegovina,387,BIH,BA
Botswana,267,BWA,BW
Brazil,55,BRA,BR
Brunei,673,BRN,BN
Bulgaria,359,BGR,BG
Burkina Faso,226,BFA,BF
Burundi,257,BDI,BI
Cambodia,855,KHM,KH
Cameroon,237,CMR,CM
Canada,1,CAN,CA
Cape Verde,238,CPV,CV
Central African Republic,236,CAF,CF
Chad,235,TCD,TD
Chile,56,CHL,CL
China,86,CHN,CN
Colombia,57,COL,CO
Comoros,269,COM,KM
Congo,242,COG,CG
Congo Democratic Republic,243,COD,CD
Costa Rica,506,CRI,CR
Cote d'Ivoire,225,CIV,CI
Croatia,385,HRV,HR
Cuba,53,CUB,CU
Cyprus,357,CYP,CY
Czech Republic,420,CZE,CZ
Denmark,45,DNK,DK
Djibouti,253,DJI,DJ
Dominican Republic,1809,DOM,DO
Ecuador,593,ECU,EC
Egypt,20,EGY,EG
El Salvador,503,SLV,SV
Equatorial Guinea,240,GNQ,GQ
Eritrea,291,ERI,ER
Estonia,372,EST,EE
Ethiopia,251,ETH,ET
Faeroe Islands,298,FRO,FO
Fiji,679,FJI,FJ
Finland,358,FIN,FI
France,33,FRA,FR
French Guiana,594,GUF,GF
French Polynesia,689,PYF,PF
Gabon,241,GAB,GA
Gambia,220,GMB,GM
Georgia,995,GEO,GE
Germany,49,DEU,DE
Ghana,233,GHA,GH
Gibraltar,350,GIB,GI
Greece,30,GRC,GR
Greenland,299,GRL,GL
Guadeloupe,590,GLP,GP
Guatemala,502,GTM,GT
Guinea,224,GIN,GN
Guinea Bissau,245,GNB,GW
Guyana,592,GUY,GY
Haiti,509,HTI,HT
Honduras,504,HND,HN
Hong Kong,852,HKG,HK
Hungary,36,HUN,HU
Iceland,354,ISL,IS
India,91,IND,IN
Indonesia,62,IDN,ID
Iran,98,IRN,IR
Iraq,964,IRQ,IQ
Ireland,353,IRL,IE
Israel,972,ISR,IL
Italy,39,ITA,IT
Japan,81,JPN,JP
Jordan,962,JOR,JO
Kenya,254,KEN,KE
Kuwait,965,KWT,KW
Kyrgyzstan,996,KGZ,KG
Laos,856,LAO,LA
Latvia,371,LVA,LV
Lebanon,961,LBN,LB
Lesotho,266,LSO,LS
Liberia,231,LBR,LR
Libya,218,LBY,LY
Liechtenstein,423,LIE,LI
Lithuania,370,LTU,LT
Luxembourg,352,LUX,LU
Macao,853,MAC,MO
Macedonia,389,MKD,MK
Madagascar,261,MDG,MG
Malawi,265,MWI,MW
Malaysia,60,MYS,MY
Maldives,960,MDV,MV
Mali,223,MLI,ML
Malta,356,MLT,MT
Marshall Islands,692,MHL,MH
Martinique,596,MTQ,MQ
Mauritania,222,MRT,MR
Mauritius,230,MUS,MU
Mexico,52,MEX,MX
Micronesia,691,FSM,FM
Moldova,373,MDA,MD
Monaco,377,MCO,MC
Mongolia,976,MNG,MN
Montenegro,382,MNE,ME
Morocco,212,MAR,MA
Mozambique,258,MOZ,MZ
Myanmar,95,MMR,MM
Namibia,264,NAM,NA
Nauru,674,NRU,NR
Nepal,977,NPL,NP
Netherlands,31,NLD,NL
Netherlands Antilles,599,ANT,AN
New Caledonia,687,NCL,NC
New Zealand,64,NZL,NZ
Nicaragua,505,NIC,NI
Niger,227,NER,NE
Nigeria,234,NGA,NG
Niue,683,NIU,NU
North Korea ,850,PRK,KP
Norway,47,NOR,NO
Oman,968,OMN,OM
Pakistan,92,PAK,PK
Palau,680,PLW,PW
Palestinian Authority,970,PSE,PS
Panama,507,PAN,PA
Paraguay,595,PRY,PY
Peru,51,PER,PE
Philippines,63,PHL,PH
Poland,48,POL,PL
Portugal,351,PRT,PT
Puerto Rico,1,PRI,PR
Qatar,974,QAT,QA
Reunion,262,REU,RE
Romania,40,ROU,RO
Russia,7,RUS,RU
Rwanda,250,RWA,RW
Saint Pierre and Miquelon,508,SPM,PM
Samoa,685,WSM,WS
San Marino,378,SMR,SM
Saudi Arabia,966,SAU,SA
Senegal,221,SEN,SN
Serbia,381,SRB,RS
Seychelles,248,SYC,SC
Sierra Leone,232,SLE,SL
Singapore,65,SGP,SG
Slovakia,421,SVK,SK
Slovenia,386,SVN,SI
Somalia,252,SOM,SO
South Africa,27,ZAF,ZA
South Korea,82,KOR,KR
Spain,34,ESP,ES
Sri Lanka,94,LKA,LK
Sudan,249,SDN,SD
Suriname,597,SUR,SR
Swaziland,268,SWZ,SZ
Sweden,46,SWE,SE
Switzerland,41,CHE,CH
Syria,963,SYR,SY
Taiwan,886,TWN,TW
Tajikistan,992,TJK,TJ
Tanzania,255,TZA,TZ
Thailand,66,THA,TH
Togo,228,TGO,TG
Tokelau,690,TKL,TK
Tonga,676,TON,TO
Tunisia,216,TUN,TN
Turkey,90,TUR,TR
Turkmenistan,993,TKM,TM
Tuvalu,688,TUV,TV
Uganda,256,UGA,UG
Ukraine,380,UKR,UA
United Arab Emirates,971,ARE,AE
United Kingdom,44,GBR,GB
United States,1,USA,US
Uruguay,598,URY,UY
Uzbekistan,998,UZB,UZ
Vanuatu,678,VUT,VU
Venezuela,58,VEN,VE
Vietnam,84,VNM,VN
Yemen,967,YEM,YE
Zambia,260,ZMB,ZM
Zimbabwe,263,ZWE,ZW